name,geo_epgs_25831_x,geo_epgs_25831_y,geo_epgs_4326_lat,geo_epgs_4326_lon
Centre Educatiu Thau,425195.6050475672,4582176.405836956,41.38764005512567,2.10528876791072
Ateneu  Sant Andreu,431932.2755728162,4587089.595354554,41.4324898639079,2.1853030314588358
Jardins d'Elvira Farreras Valentí,428373.250699072,4584345.443367382,41.407464947326254,2.1430348062786257
Casal de Barri Font d'en Fargues,430247.9471045558,4586200.03567975,41.424333431530485,2.1652481090205704
Associació Rambla de Catalunya,430073.385,4582475.68,41.39077433577668,2.163589599574425
Fàbrica de Creació Graner,427732.32301909727,4579250.985946766,41.36152379729631,2.1359750197791345
Escola Mossèn Jacint Verdaguer,429321.6782846101,4580545.116646332,41.37332070884572,2.154824350891146
Centre Esportiu Municipal Putxet,428230.39803281566,4584598.12887321,41.40972803896788,2.141295887779283
Universitat de Barcelona,430105.756355228,4582009.3515178105,41.38657708352391,2.164030568391206
Funicular Vallvidrera - FGC,425281.0395619205,4585127.656071869,41.41422846437415,2.1059462512020857
Funicular Tibidabo - Cuca de Llum,427411.60727105,4585337.14516173,41.41631050210694,2.131411684356236
Tramvia Blau Tibidabo-TMB,427874.0784737611,4584691.231889636,41.41053468316915,2.137021984976944
Sala El Molino,430363.9031219597,4580675.501589779,41.37458590109832,2.167271088906495
Institut Nacional d'Educació Física de Catalunya *Barcelona,428651.4229885859,4579669.43805554,41.36537462912623,2.146913285556539
Col·legi Oficial de Metges de Barcelona,427225.1209266232,4583998.409506439,41.404236241777,2.129341454867993
Velodrom Municipal d'Horta Miquel Poblet,428953.9993615192,4587645.373327871,41.43723757663772,2.1495946440435265
Restaurant Can Travi Nou,429017.6758804242,4586996.297664727,41.43139726568915,2.150432990990598
Parròquia de la Santíssima Trinitat,432383.32079860166,4589064.645207687,41.45031653850258,2.1904799871347125
Poble Espanyol de Barcelona,428641.3109980409,4580088.501961428,41.36914809976752,2.1467430809493484
Casal Sant Jordi,430719.41932563,4582321.963593714,41.38944576760637,2.1713337865477698
Mercat Boqueria - Sant Josep,430789.9118095357,4581500.025629077,41.38204889437501,2.17227075910574
Mercat Santa Caterina,431288.34786604624,4581977.8100680085,41.38639488164491,2.1781771121189712
Mercat Hostafrancs,428406.2821413866,4580758.575369845,41.37516234439833,2.143853943380838
Casa Bonaventura Ferrer,429652.8555154229,4583168.36111602,41.39697639977114,2.158479593916247
Mercat Sants,427561.2693668048,4580720.238564051,41.37474144032811,2.133754628418325
Hospital del Mar,432665.3945483664,4581636.097679799,41.38343360981442,2.1946836219941206
Club Natació Atlètic - Barceloneta,432153.4277483676,4580531.784356736,41.37344433423628,2.1886847497193758
Centre Comercial Arenas de Barcelona,428919.128134815,4580850.788577912,41.376038338441205,2.1499752959539173
Museu del Modernisme de Barcelona,430055.7567873723,4582268.565978099,41.38890739636273,2.163402681362388
Parròquia de la Mare de Déu de la Mercè i Sant Miquel Arcàngel - Basílica,431398.33895484527,4581202.933652775,41.37942517988621,2.1795802549065177
Institut Français de Barcelone,429092.262001278,4582985.8647791855,41.39528348612812,2.1517956248758305
Jardins de Magalí,427553.9961943073,4581849.695538634,41.38491336528375,2.1335326462367803
Casa Amatller,430201.6353074246,4582567.556090991,41.39161297296296,2.165112890687213
Barcelona - Casa Vídua Marfà,430135.1959184668,4582734.605447484,41.39311176171059,2.1642989926981406
El Born i la Ribera,431691.2909845866,4581803.040855168,41.38485510195776,2.1830157301046778
La Barceloneta,432195.9661977003,4581211.351731529,41.37956860884705,2.189117360481648
Sants i Hostafrancs,428303.302137008,4580785.738082859,41.37539782108393,2.1426193870999874
La Sagrera,,,,
La Vila Olímpica,432887.5882569475,4582294.214301772,41.38937966568577,2.197267885136565
El Fòrum,434953.1247181961,4584683.244402898,41.41106682138965,2.221714876463801
Federació Eix Comercial Sants-Les Corts,427628.796,4581276.181,41.37975467649532,2.1344956640830457
Parc de les Rieres d'Horta,429337.0377888212,4586957.856106121,41.43107919974659,2.154259435001784
Torre del Rellotge,427807.41998360056,4580671.479092709,41.37432440095194,2.1367036614916595
Palau de la Premsa,429243.3020662019,4580452.969529542,41.37248388332653,2.1538979761055
La Plaça del Sortidor,429934.8443392679,4580460.117603813,41.37260876412629,2.1621656959358955
Finca Sansalvador,428830.77998625406,4585615.556081257,41.418944974567545,2.148358843174665
Mercat de les Flors Centre de les Arts de Moviment,429523.35338845866,4580234.221723731,41.370538264069474,2.157271883570921
Casa Rosa Alemany,428841.1051575197,4584331.099606007,41.40737731100891,2.14863345725769
Casa Serès,429505.7537802725,4583954.025422355,41.404039707549934,2.156628602714139
Conjunt de Cases al Carrer Francisco Giner,429737.82864461245,4583384.411026244,41.39892971334762,2.1594708997786287
Cases Manuel Raventós,429118.7646008852,4583664.078169271,41.40139423653911,2.15203322023042
Edifici J. Artigas,429713.297861348,4583487.928011444,41.39985990968169,2.1591654567457805
Habitatge Classicista Providència 79,429740.7634013918,4584412.9129963145,41.40819331103935,2.159386623420811
Restaurant Casa Tejada,428282.16387734265,4582968.215780512,41.39505269147344,2.142108289092796
Club Esportiu Mediterrani *Instal·lació Josep Vallès,427284.61208968685,4580569.627974942,41.3733599989622,2.130464703418883
Associació Cultural El Raval El Lokal,430354.3341031626,4581215.765314061,41.37945106296261,2.167094592540177
World Trade Center,431622.3559652276,4580275.448752354,41.37109064113994,2.1823636757953957
Servei d'Esports de la Universitat de Barcelona,425149.6306603352,4581430.7111037765,41.38091965331625,2.1048310677132447
Casa Cama i Escurra,429537.9506013857,4583314.471666858,41.39828230438417,2.157088195204451
Casa Claudi Alsina,429029.341,4584283.75,41.40696749282559,2.150890882782789
Casa Eudald Obradors,428614.8002799133,4584688.836070136,41.410579233171234,2.1458839653210964
Casa Gaspar Galí,429439.1354596255,4583800.606904695,41.40265208001168,2.1558495685461287
Casa Manuel Colchero,429815.0406020541,4584786.2493715305,41.41156230116295,2.160231915914634
Casa Miquel Cal Millàs,429582.6670543468,4583852.329430172,41.4031305099263,2.157560504523872
Casa Pere Jaqués,429160.0639319971,4584935.706777832,41.41285094265032,2.152378393383484
Casa Ramos,428918.5734330148,4584198.510915229,41.4061899908628,2.149575785577088
Casa de les Altures,430338.6554891418,4584918.368191648,41.41279780128245,2.166481155557753
Teatre Grec,429622.02648506215,4579965.193371069,41.36812384413011,2.158482875531215
Parròquia de Santa Maria de Gràcia,429611.2808877261,4583319.852629642,41.39833719125325,2.1579647021625696
Club Tennis La Salut,429645.3882313865,4584874.290477904,41.41234042111287,2.15819198579813
Parc de Can Rigal,425390.9683537448,4581251.521906029,41.37932819241353,2.107739056786728
Torre d'Ignacio Portabella,427706.0380512149,4584945.725372515,41.41281169827557,2.134981213630846
El Jardí Vertical,428240.8485137519,4581866.687519304,41.38512796595029,2.141744623609296
Casa Hurtado,426123.7769112807,4582697.765954239,41.39242149167882,2.11632547019372
La Gran Via de Carles III,427094.671690074,4581708.214820577,41.38359761148749,2.128056674070894
La plaça de la Concòrdia,427435.2963089941,4582031.447739574,41.38653963624162,2.132091361234996
La Porta Sud de la Finca Güell,426330.5870844101,4581861.919154968,41.384912355918026,2.1189006112022293
Antic Dispensari Antituberculós,430198.9595010392,4581759.622974072,41.38433595216771,2.165173981341848
Jardinets de Salvador Espriu,429696.9670774616,4583212.972690021,41.39738205805117,2.159002039604903
Ca l'Estruc- Convent de les Germanes de l'Assumpció,432162.44827106217,4587426.033122995,41.43553951634989,2.1880199202730286
Botiga Casa Rusca,432264.2443708489,4586990.106390512,41.431621867432426,2.1892871049773523
La Mina Grott,424580.1866130809,4585253.282393681,41.41529444742222,2.0975454897320374
Cooperativa La Guardiola Familiar,432475.52834401216,4586871.01759309,41.43056706573951,2.191828973297836
Pavelló de Ràdio Barcelona al Parc d'Atraccions del Tibidabo,426409.4062931601,4586212.684406251,41.42410490506085,2.1193142250845742
Villa Esperanza,428659.28477609775,4585027.397778661,41.41363246951803,2.146376241035286
Colònia Bausili,428356.7721459906,4578302.711342341,41.35303880848997,2.1435520408982858
Carrer Avió Plus Ultra,426608.723007847,4583571.259539142,41.40033306045677,2.122019654847453
Bar Colòmbia,432282.250232084,4586811.096138333,41.43001110132735,2.1895226462085007
El camp de la Creu,428114.0566597873,4582271.5985412495,41.388763523980295,2.140180281885298
Sant Joan de Dalt,430321.42790082085,4583737.950698708,41.40216470756282,2.166410951526073
El pont de Mühlberg,429953.5580952776,4585562.093836723,41.41856212293422,2.161799283919621
Can Carreras,430480.383,4587585.096,41.43682827931477,2.1678701924114794
El passatge de l'Esperança,431230.1604628789,4586719.514818521,41.42909687213159,2.176942405239261
Casa de la Lactància,429381.7795415027,4581300.731282989,41.38013155447215,2.155454935741646
Casal de Barri Can Portabella,432650.150681288,4586709.931197519,41.4291308751184,2.193936700525465
Forn de Pa Roura Vila,428465.4520402,4583231.623249819,41.39744142472332,2.144269436975635
Restaurant Dos Torres,427164.9046623937,4583301.651289114,41.39795538977431,2.128704952652439
Eix Comercial del Poblenou,433121.1876946524,4583762.065028747,41.402619669138986,2.199899590115794
Las Golondrinas - Sirenas SA,431270.81630280544,4580674.121788862,41.3746514376551,2.1781153021938917
Casa Elisa Bremon d'Espina,429415.1527625555,4583467.179151727,41.399646914660494,2.155601559279648
Casa Eloy Detouche,430188.5400872237,4584242.600749799,41.406698383788495,2.16476312511361
Casa F. Homet,429158.5991603751,4583918.194699254,41.40368647833563,2.1524799804849275
Casa Feliu Iglesies,429181.6549716696,4583750.524339327,41.402178366408194,2.152775398750866
Casa Gustà,429799.6987775702,4584659.134607729,41.41041608639633,2.160063116454555
Santa Creu d'Olorda,421360.27458172926,4585363.821880805,41.415981372010265,2.0590073481470856
Pont de Calatrava (Bac de Roda - Felip II),432509.1858382271,4585271.809167086,41.416166339580734,2.1924102551677853
Can Mora,429053.94984397857,4585498.422269903,41.41790973374814,2.151042845959997
Can Muntaner de Dalt,429223.3603020286,4585008.1790845245,41.41350924872243,2.1531271963876577
Can Trilla,429112.4196121213,4583903.411833746,41.40354926420721,2.1519292949349675
El Campus Raval - UB,430342.9941070524,4581729.506297689,41.38407718499735,2.166899934194828
Carrer Pons i Gallarza,432066.3392035293,4587427.222092135,41.4355421004354,2.186869522394108
Carrer Puerto Príncipe,431584.127174076,4585995.774943316,41.422608628418345,2.181260260566652
La Plaça Santa Madrona,429446.4480680243,4580560.370523482,41.37346904326101,2.1563144249358346
Camisseria Bonet,430923.4295401869,4581360.049022556,41.38079964125222,2.173883382684312
Casa Doctor Genové,430835.4633810002,4581430.336318559,41.38142514089114,2.1728234402079813
Casa Domènech i Estapà,429989.4843533318,4582644.419297219,41.39228681466528,2.1625666401735337
Ateneu de Fabricació Digital de Les Corts,427721.982,4581697.115,41.38355424224072,2.1355597687429912
Seu de la Secció 10 de les Patrulles de Control (Guerra Civil),432351.6025790888,4586710.679130676,41.42911252316188,2.19036384484912
Pis - Museu Habitatge 1/11,432362.98520407727,4588027.713302046,41.44097555447716,2.190352662404392
"Àntic Edifici de Catalana de Gas i Electricitat, SA",430858.0630612464,4581917.074572974,41.385810987300985,2.173038152640421
Sala Lliure de Gràcia,429454.4243085845,4583812.556791338,41.40276104987048,2.156031064034744
Viaducte de Vallcarca,428397.6673591357,4584828.5206623245,41.41181800039176,2.1432697424292484
Casa Muntadas,427561.1313995813,4585219.644671087,41.41526572017423,2.1332147546001883
Fossar de les Moreres,431639.81851196935,4581670.155141611,41.38365386571088,2.1824151631724544
Edifici Alhambra,428091.5555260391,4583921.018446517,41.403617178236445,2.1397153048637696
El Farró a través del carrer Saragossa,429020.75256452896,4583610.088675293,41.40089932712729,2.150867135716541
La plaça de Sarrià,426608.9320182632,4583514.183095884,41.39981901760965,2.122029074017245
La Torre d'Aigües de Josep Amargós,426377.1926153,4586087.900654101,41.42297808783552,2.118943948440615
Colònia Busquets,425159.8057521216,4585069.741609664,41.41369557781432,2.104502955711604
Fàbrica Sanchís,433612.9512093952,4587349.768153637,41.434973842831134,2.205388440533967
Museu Egipci de Barcelona,430173.8325304784,4582794.832867889,41.39365756520606,2.1647541605952405
Parc de la Ciutadella,431890.6660134717,4581965.649308547,41.38633657544665,2.185381778970792
Jardins de Ramon Margalef i López,429158.3870412853,4579744.284431306,41.36609351846864,2.152965473661524
Parc del Castell de l'Oreneta,425786.8020144657,4583476.280286147,41.39940218424315,2.112199777559347
Turó Park - Parc del Poeta Eduard Marquina,428265.0380661559,4582863.189801456,41.39410523623182,2.1419158924657906
Centre Educatiu Jesús i Maria *Passeig Sant Gervasi,427463.5954814592,4584594.526744753,41.40962676260745,2.1321227367298
Temple Expiatori de la Sagrada Família - Basílica,430951.4877399339,4583930.481950214,41.403953130630256,2.173925859874078
Carrer Major de Sarrià,426865.7816156148,4583086.62132208,41.39599155894147,2.1251530428320944
Casa Fornells,427650.0455727565,4585049.242351333,41.41373899158243,2.134298941292163
El barri de la Mercè,425216.9778078709,4582320.174438885,41.388936898572986,2.1055266224814213
Mercat Sant Andreu,432192.986,4587353.979,41.43489312913732,2.1883934902332927
Centre Excursionista Els Blaus,426739.88278600445,4583330.129919513,41.39817327414662,2.123617721295924
Casa Marsans - Alberg Mare de Déu de Montserrat - AJ000084,428703.0382911407,4585310.873024361,41.41618949683218,2.14686630713938
Platja de Sant Sebastià,432236.8619312499,4580560.11309691,41.373706513534366,2.1896792006250663
Platja de la Nova Icària,433358.5326497905,4582443.648936842,41.39076474300676,2.2028838890750646
El Parc del Fòrum,434953.1247181961,4584683.244402898,41.41106682138965,2.221714876463801
Casa Vicens,429000.2057023296,4583903.176812497,41.4035372452986,2.1505869815611334
Palau Güell,430968.12414473895,4581169.491891617,41.379087185159,2.174439557713116
Edifici Gas Natural,432286.4412371651,4581612.961829908,41.38319342524216,2.190154390019234
Tinta Invisible Edicions,430188.5446545267,4581507.865428914,41.3820675489832,2.165078437655472
Restaurant Casa Trampa,425160.3477591464,4585014.469148632,41.41319781754193,2.104516277534671
Museu de la Xocolata,431586.1399487076,4582088.723046084,41.38741922402338,2.181725967522791
Escola Josep Maria Jujol,429438.3465705756,4583307.985709356,41.39821515341866,2.1558975483762164
Centre Cívic Casinet d'Hostafrancs,428356.3545630492,4581058.373432796,41.37785807405671,2.1432215181756806
Portal Casa Miralles,427057.5148462351,4582654.09258305,41.39211337098168,2.1274984374334376
Disseny Hub Barcelona,432130.6633167254,4583769.22076164,41.402601111692825,2.1880498461023428
Masia de Can Baró,429976.0229233763,4585339.814008142,41.41656209133623,2.1620938107713417
Pla de Montbau,428371.2851697135,4586923.197240756,41.430681496366894,2.1427060165365965
Cases Francesc Farreras,429726.95612992864,4581566.451761502,41.382555032109934,2.159551767559708
Casa Pomar,430638.021974878,4583010.437860072,41.39563961765683,2.170281440902392
Parròquia de Sant Ramon Nonat,426169.39686722937,4580878.150721396,41.37603719947376,2.11709281902244
Base Nàutica Municipal de la Mar Bella,433940.1848716679,4583079.018852231,41.39653535209156,2.2097712400521687
Institut Vila de Gràcia,429394.5069874682,4583351.299277712,41.3986014146248,2.155368115677565
Pavelló de la República,429104.7520483571,4586934.179288226,41.43084548288972,2.151482356409003
Alberg In-Out - AJ000427,424944.6066343561,4586001.095483607,41.42206372379852,2.101812736653692
Institut del Teatre,429538.3442394055,4580249.751575231,41.37067944898099,2.157449314071009
Edifici Patronat Ribas,428227.44874896086,4586063.885584054,41.422929218509935,2.1410866943487545
Monument a Cristòfol Colom,431100.12793211296,4580823.445296411,41.375981756802304,2.1760573876381613
Escultura Josep Anselm Clavé,430110.7929024294,4583953.814549983,41.404090634245215,2.1638663854194364
Facultat de Dret - UB,426516.8722175164,4582118.434692386,41.38723971871468,2.1210972500110508
Carrer Grau,432136.5474496103,4587787.356597949,41.438791640535136,2.187669352497476
Carrer Manigua,431458.186372441,4586115.536750607,41.423676546575145,2.1797396875918653
Carrer Matanzas,431661.69441790046,4586010.963810959,41.422752030928834,2.1821867084168733
Menjadors populars del carrer Gran Sant Andreu (Guerra Civil),432274.6032457532,4587112.186203134,41.43272227205576,2.1893973971197025
Centre Cívic Tomasa Cuevas - Les Corts,427119.8654158413,4581843.53650543,41.38481868130682,2.1283416789870517
Fàbrica de Creació Hangar,433083.8329254692,4584426.538541349,41.408601288709,2.199379275633804
Museu de Ciències Naturals de Barcelona,434851.28671265487,4584655.793650954,41.41081133082032,2.220499449653222
Centre Comercial Westfield Glòries,432506.888609326,4584029.356299913,41.40497574863421,2.1925213552739606
Fundació Barcelona Media - Centre d'Innovació,432602.2816950243,4583967.32792386,41.404425080209855,2.1936694239353693
Jardins de la Tamarita,427733.1428334839,4584733.758444916,41.41090504207735,2.1353308120104346
El Clot,432171.1708058989,4584351.149094703,41.407845782838926,2.188469193190472
Facultat de Psicologia i Ciències de l'Educació i de l'Esport Blanquerna - URL,427566.8664239712,4584847.468300698,41.41191420929642,2.1333279293214424
El nucli de Santa Eulàlia de Vilapicina,430913.4874914894,4586940.049605154,41.43105597129707,2.173127543884692
Can Peguera,430201.38632745686,4587305.366899756,41.43428467027986,2.16456333073766
La vila de Gràcia,429581.2970235027,4584063.364371792,41.405031103391,2.157519564297269
Ca l'Aranyó,432539.11431386345,4583941.53316283,41.40418745612774,2.192916650968304
El barri de la Clota,429058.69759342034,4586468.748813802,41.42664948190676,2.150985823958698
Casa Almirall,430260.0329522443,4581542.89110183,41.38238921399351,2.165929295607357
Plaça de les Dones del 36,429257.72417761217,4584012.2368028695,41.40454220831473,2.153654759838709
Hort Urbà Masia Can Mestres *Tancat,428498.3726106624,4579042.609144885,41.35971541159925,2.145157408726708
Facultat de Comunicació i Relacions Internacionals Blanquerna - URL,430289.981,4581670.112,41.38353764764212,2.166272793410519
Torre Glòries,432279.1198551179,4583865.000857265,41.40347629324701,2.189815009628469
Parc del Poblenou,433748.6157166563,4583163.413991481,41.39727971819072,2.207470604184096
Centre Educatiu Vedruna Gràcia Barcelona,429070.7679893395,4584033.558555778,41.40471777195005,2.151415793082498
Biblioteca Montserrat Abelló,427700.9467943118,4581716.986865175,41.38373133027636,2.135305845435044
Museu Frederic Marès,431184.0139297747,4581735.716409316,41.38420549734736,2.17695685162379
Estadi Olímpic de Montjuïc Lluís Companys,429384.0768778117,4579592.367962036,41.36474508399185,2.155681394867584
Spotify Camp Nou * Tancat per remodelació,426658.4039978079,4581402.770707185,41.380806951232216,2.1228764926605805
Parc de la Trinitat,432814.485640381,4588944.298465399,41.449268825219306,2.1956548753915466
Federació de Comerciants de Barna Centre,431201.099,4581643.615,41.38337742829775,2.177171627621828
Platja de la Mar Bella,434155.9587308335,4583303.982699825,41.39857924467329,2.2123276980931683
Ca n'Andalet,429284.32439052255,4586528.984274052,41.42721189152529,2.153678760813793
CosmoCaixa Barcelona,427346.79152772354,4585003.346733776,41.41329827278905,2.1306762762550275
Associació de Comerciants del Carrer Gran de Gràcia,429370.717,4583543.199,41.4003276952613,2.1550611661314885
Museu Reial Monestir de Santa Maria de Pedralbes,425772.0582506743,4583054.846393712,41.395605165759946,2.112075084546918
Reial Club de Tennis Barcelona - 1899,426292.9532366624,4582836.938633416,41.39369047981739,2.118331914254848
Memorial de les Dones Represaliades a la Presó de Dones de les Corts,427197.561,4582101.961,41.387153239939714,2.129239773817562
Hospital de la Santa Creu i Sant Pau,430966.4933325924,4585205.834517813,41.41544108395991,2.1739598683555683
Centre Cívic La Sedeta,430431.78075060085,4584115.699037433,41.405576512012246,2.167687591797475
Parròquia de l'Immaculat Cor de Maria,430340.7706259227,4584158.169604532,41.405951148357936,2.166593971349565
Centre Cívic Guinardó,430917.121,4585276.897,41.41607687588995,2.1733610333293782
Jardins Mestre Balcells,429334.512,4584355.076,41.40763678374947,2.154533307360096
Mercat Guineueta,430680.7835760518,4587785.720318845,41.43865254771624,2.170245672758619
Centre Cívic Casa del Rellotge,428182.2387365683,4578807.991369453,41.35757415322748,2.141406028389017
Monument Arc de Triomf de Barcelona,431504.5306590743,4582496.040055189,41.39108086341498,2.1807039051520003
Torre Bellesguard  Gaudí - Casa Figueres,427020.935791098,4584547.749105636,41.40916538840938,2.126832670465789
Torre de Collserola,425770.9487653924,4585304.14545923,41.41586341604361,2.111785952453742
Mercat Barceloneta,432210.370042518,4581286.445001463,41.38024616800817,2.18928120267198
Mercat Ninot,429302.9601274389,4582159.266888027,41.38785716567697,2.1544122344047523
Parròquia de Santa Teresa de l'Infant Jesús,429099.02781324345,4583566.290118899,41.400511756428415,2.151808582444108
Casa Francesc Cama,429353.6043456352,4583538.369444504,41.40028269384311,2.1548570322157654
Casa Madurell,429753.77340113104,4583808.663891615,41.40275219893523,2.1596123951981183
Jardins del  Baix Guinardó,430517.40482267167,4584581.420513669,41.40977850723608,2.168658421542334
Museu de Carruatges del Foment,428967.7103074018,4587271.158976306,41.43386840494578,2.149802728490179
Parc de Joan Miró,428701.2793742,4581163.78789572,41.37883814100107,2.1473335958888007
Parròquia de la Mare de Déu del Coll,429079.4805441422,4585744.91687258,41.420132063616215,2.151319417179658
Edifici d'habitatges Gran de Gràcia 67,429390.6199950004,4583495.410871238,41.399899033342535,2.1553048145748552
Farmàcia de Bolós Giralt,429976.959489372,4582575.635965706,41.39166621624898,2.162424791257872
Antiga Fàbrica d'Estampació Tèxtil Can Ricart,432983.5388856857,4584496.862835762,41.40922632383825,2.1981716288388373
Centre Esportiu Municipal Can Caralleu,425646.9193343908,4583653.677525185,41.40098699374353,2.1105047906383008
Vall d'Hebron Barcelona Hospital Campus,428430.55465668254,4586630.37210656,41.42804943371883,2.1434499797388105
Casa Terradas - Casa de les Punxes,430103.4501166265,4583265.940257608,41.39789455388375,2.1638579681725147
El Polvorí i Cos de Guàrdia,428311.6533102462,4579591.895740862,41.36464604706291,2.1428603946607967
Parc Central de Nou Barris,430761.06383847794,4587584.210298242,41.4368445525108,2.1712296246319656
Carrer Pinar del Rio,431653.9815038811,4585956.298342191,41.422259021739634,2.1821005942848277
Parròquia de Sant Vicenç de Sarrià,426531.8417752807,4583477.515436788,41.39948172834851,2.121111403839136
Residència Militar d'Estudiants Mateo Calabro,426858.2037620738,4582751.5835888665,41.39297332973804,2.12510287048567
Institut Químic de Sarrià - Campus Sarrià - IQS,426398.7099637597,4583957.872722917,41.40379591152728,2.1194605457742592
Seu del Districte de Sants-Montjuïc,428274.4644171125,4580787.24006208,41.3754087791269,2.142274392316013
Fundació Orfeó Gracienc,429489.3289236514,4584031.287665447,41.404734139288166,2.156423120771882
Parròquia de Sant Joan de Gràcia,429514.1496685571,4584097.993020106,41.40533710606837,2.1567122726022543
Educa +,431432.3078758349,4584877.524813311,41.41252398893622,2.179570364707956
Seu del Districte de Sarrià-Sant Gervasi,426556.5985433231,4583438.185825779,41.39912976584916,2.1214123028583627
Palau de Congressos *Pavelló 5,429075.2177021372,4580446.945553125,41.37241483260608,2.1518889546104605
Centre Educatiu CETT,428831.16560923634,4587381.555872099,41.43485061254671,2.1481555754807795
Universitat Nacional d'Educació a Distància *Barcelona,431531.4183728761,4587534.814936169,41.43646572009841,2.180455235272232
Seu del Districte de Nou Barris,430761.06383847794,4587584.210298242,41.4368445525108,2.1712296246319656
Parròquia de la Mare de Déu de Lourdes,429420.6733272827,4580519.382918246,41.37309762127584,2.1560110122944107
Círculo Ecuestre,429277.99918550346,4583037.393315411,41.395763940464285,2.1540111781345668
Museu,429761.5751240866,4579982.539230728,41.368292261821246,2.1601492925476364
Museu de Pintura Contemporània Can Framis,432709.05569079,4583801.91555834,41.40294420265117,2.1949651108093025
Parròquia de Sant Pere de les Puel·les,431380.4479067636,4582291.59602482,41.38922892058108,2.1792430187092746
Escola Superior d'Administració i Direcció d'Empreses - URL,425972.6963469717,4582845.855476461,41.39374137478776,2.11450041725389
Jardins del Palau de Pedralbes,426293.53040473606,4582044.054369566,41.38654937434819,2.1184352989192647
Casa Lamadrid,430463.7986375944,4583157.256392071,41.39694691705839,2.1681807052555757
Casa Garriga Nogués,430210.6252820125,4582268.816007662,41.38892310014807,2.165254832995529
Centre Esportiu Municipal Piscines Bernat Picornell,428976.9847999505,4579772.230120345,41.36632923206704,2.150793450223625
"TAMAIA Viure Sense Violencia, S.C.C.L.",431029.08640602254,4581881.500955053,41.38550526763556,2.175087497981421
Roca Barcelona Gallery,427196.2326297435,4582045.622549863,41.38664570242304,2.12923065792945
Platja del Bogatell,433686.0313832721,4582866.760873167,41.39460267821261,2.2067544978597606
Casal d'Entitats Mas Guinardó,431006.826878907,4585508.345577088,41.41816915835005,2.1744079393214104
Associació de Comerciants i Professionals Barnavasi,428755.8610305404,4584118.585660404,41.40545573179054,2.147638695309088
Forn de Pa de Can Tur,432603.9810652053,4587030.9080608,41.43201793483495,2.1933483941178187
Museu Olímpic i de l'Esport Joan Antoni Samaranch de Barcelona,429503.8926767652,4579761.724333253,41.36628092507608,2.1570941364707474
Museu,430089.7583959063,4582562.033121764,41.39155351265377,2.1637754588196367
Escultura David i Goliat Homenatge a les Brigades Internacionals,429618.1002054464,4586266.05990587,41.42487315212389,2.157703561885268
Telefèric de Barcelona,432085.5694125253,4580510.859547395,41.373250146274025,2.187875716121665
Jardins de Can Sentmenat,426033.0815436047,4583831.067879802,41.40262028359711,2.115102292721839
Parc del Laberint d'Horta,428784.9119850791,4587726.919497975,41.43795704876439,2.1475613087947547
Parc del Guinardó,430607.5997245253,4585658.752029341,41.41948943678852,2.169613897166294
Parc del Turó de la Peira,430107.247,4587214.961,41.43346223343624,2.1634471242007627
Centre Cívic Can Castelló,428125.3163066493,4583412.537413015,41.39904051559378,2.140179532716965
Jardins de Vil·la Amèlia,426531.9039098267,4582858.46247544,41.39390619967619,2.1211872573336934
Park Güell,429223.3603020286,4585008.1790845245,41.41350924872243,2.1531271963876577
Universitat Oberta de Catalunya,432669.627,4584196.369,41.40649363005068,2.19444957141162
MUHBA Museu d'Història de Barcelona - Casa de l'Aigua,432325.093266883,4589545.070518399,41.45463864239669,2.189729096932418
Centre Municipal de Cultura Popular de Sant Andreu,432136.3864088192,4587997.54655052,41.44068473251823,2.1876438165449668
Centre Cívic Casa Golferichs,429462.2057429972,4581379.621529794,41.3808491471351,2.1564074948215346
Museu Nacional d'Art de Catalunya,429196.1856084345,4580053.861416355,41.368885103834,2.153381227899417
El Campus Mundet - UB,428748.82438690326,4587482.826868194,41.43575541409688,2.147158169831797
La llera del riu Besòs,432424.47430298897,4589545.359535437,41.45464961996649,2.1909188386141625
Reial Acadèmia de Ciències i Arts de Barcelona,430664.2489823396,4581737.388286805,41.38417592716741,2.1707408640195456
El Gòtic,431188.2459145271,4581609.11464572,41.383065594486666,2.1770218391588827
El Poblenou,433050.9613844384,4583724.384382359,41.4022744450405,2.1990636882594146
Sant Andreu,432331.3116386504,4587394.418464799,41.43526902100958,2.190044472473194
El nucli antic d'Horta,429941.02895279374,4586831.52246266,41.42999427513081,2.161502292023968
La plaça de Lesseps,429046.5211547476,4584366.282306089,41.40771234565708,2.1510867322061435
El Campus Ciutadella,432353.53643239953,4582371.308443117,41.39002929461585,2.190872085861088
Parc de la Pegaso,432380.66434664535,4586463.426545867,41.42688804853377,2.190739286407059
Cases Josefa Villanueva,430342.2128659629,4582930.753576614,41.39489635939134,2.166752451664696
Cristalleries Planell,427420.6214301351,4582131.144763588,41.38743624313862,2.131903917807222
Casa Queralt,428794.94932641694,4585652.195716578,41.41927179810715,2.147925810285238
Espai Mescladís,431470.82007677766,4582053.850363022,41.38709531983285,2.1803507473845234
Font Pública,429460.051313013,4583530.603542469,41.40022209501887,2.1561312297043247
Centre Comercial Maremàgnum,431699.80410681455,4580793.35871181,41.37576189535446,2.183231333568717
Centre Cívic Can Deu,427471.55495053215,4582059.327475302,41.38679400774152,2.1325216465394625
Parc de l'Espanya Industrial,428074.97663729,4580914.3323903,41.37653564822331,2.139874006322372
Seu del Districte de Sant Andreu,432379.1251577986,4587478.245657705,41.43602805111317,2.190607338298738
Santa Església Catedral Basílica de Barcelona,431118.7485620572,4581746.448291292,41.384296570811145,2.1761751314006545
La plaça de John Lennon,429914.5368370832,4583819.130822889,41.40286050125628,2.1615342716775845
La plaça de Nicolás Salmerón,429570.4712917344,4583284.153969362,41.39801209292751,2.157480714601559
La Pedrera Romana,428538.5902795377,4578759.45891906,41.357168740446966,2.145671534709044
Torre de l'Aigua,429138.0323515645,4583959.119295827,41.40405325796555,2.152229161692367
La Rambla del Raval,430527.99942791415,4581151.318978839,41.37888562756235,2.1691786660708967
Xemeneia de Can Galta Cremat,432142.312352424,4587992.066605086,41.440635877473454,2.187715361234582
Les Carasses,432424.2506011444,4588069.982902568,41.44136142057692,2.1910812403192512
"Xemeneia de l'antiga Fábrica ""La Porcelana""",428460.1466681278,4580520.94870103,41.3730269153328,2.144526050663452
La plaça del Raspall,429843.2465653323,4583648.143475757,41.401314262013386,2.160701296482157
La Plaça del Setge de 1714,429842.49619961344,4580641.187816944,41.3742315617575,2.161040561834341
Casa Sant Felip Neri,427346.2349544041,4583051.78576547,41.39572136064741,2.130903870123052
El barri Plus Ultra,428153.79594160616,4579143.659084854,41.360594861404536,2.14102627404691
Antiga Biblioteca Pública de Sant Andreu de Palomar,432375.0471801606,4587563.964821829,41.43679975051144,2.1905489388615904
L'Aqüeducte Palombarum,432596.9869953259,4587719.199353893,41.43821655449944,2.193187925153491
Antic Monòlit Dedicat a la Legión Condor,427019.20054157067,4582267.803436201,41.38863075155167,2.127086735020199
Cansaladeria Puig,432259.9684046709,4587028.286017658,41.431965377634455,2.1892316530910487
"L'antic Putxet. Els carrers Manacor, Cadis i Putxet",428301.9514703458,4583976.008954899,41.40413124648984,2.142225615431341
Passatge de Sant Felip,428708.9635347633,4583888.933890137,41.40338319158916,2.1471047244543726
La plaça Molina,428675.6779074743,4583656.115153778,41.40128333249604,2.146733983621581
Parc Esportiu de Can Dragó,431757.272178684,4587546.819864842,41.436593069404815,2.183157005742885
Torre de Sant Jordi,428589.5544476594,4585053.959504994,41.413865507094485,2.145538840084051
Villa Conchita o Casa dels Metges,428841.557875329,4585645.232794255,41.41921321493736,2.148484310850028
Carrer Sant Gervasi de Cassoles,428075.1856717365,4583983.414834525,41.40417769240352,2.139512069189189
Teatre Nacional de Catalunya,431965.1099895695,4583450.626835787,41.39971763958852,2.1861052566703805
Jardins de Joan Brossa,430168.733,4580020.648,41.36867092135471,2.165012850406953
Castell de Montjuïc,430340.8185791432,4579551.928555504,41.36446421195711,2.1671241451784176
Jardins Laribal,429622.02648506215,4579965.193371069,41.36812384413011,2.158482875531215
Casernes d'Artilleria  de Sant Andreu,432379.06398161495,4588358.694081569,41.44395793480301,2.19050806677001
L'Estació dels FGC de Sarrià,426856.3456517937,4583342.030828641,41.39829106263617,2.1250093275396296
Mercat Sarrià,426499.7880780594,4583517.168043066,41.3998359320904,2.1207231796604997
Mercat Abaceria Central,430135.96867873694,4583853.189536537,41.40318652868216,2.164179164252221
Cementiri Sant Gervasi,427005.8238899336,4584768.847946617,41.4111553532629,2.1266252111412056
Cementiri d'Horta,429498.0990086809,4587993.858047135,41.4404241840174,2.156066057589673
Escultura Fray Pedro Ponce de León,430039.3995886436,4583989.244189697,41.40440352665176,2.163008249478441
Casa Martí - Els Quatre Gats,430898.409663895,4581942.113336879,41.38603997054996,2.1735178081132696
Jardins,430105.7503552875,4582009.345517869,41.3865770289631,2.16403049732852
Jardins Plaça de Can Fabra,432472.51666145,4587355.00398294,41.434925914293984,2.191738858342075
L'avinguda del Tibidabo,427874.0744737985,4584691.238889567,41.41053474585558,2.1370219362887046
El Passeig de Gràcia,430042.83,4582830.664,41.39396889918061,2.163183157188379
Torre de Santa Caterina,425257.4452654195,4582991.541897886,41.394987347747104,2.1059277429633085
La Previsió Obrera,432398.6569830958,4587404.297382016,41.435363668960846,2.190849375486821
Refugi Antiaeri de la Sagrera,432478.7274650504,4586112.587984551,41.42373640875645,2.191951961584244
Carrer Campo Florido,431685.1802208093,4585858.53530135,41.42138115685976,2.182484957753459
Carrer Coroleu,432090.4920264786,4587142.858867394,41.43298298344629,2.187190543503709
Pastisseria Escribà *La Rambla,430825.62847346766,4581445.665166939,41.381562357710784,2.1727040810941585
Hotel Peninsular - HB-003154,430807.4576943178,4581230.824260125,41.37962578754925,2.1725113181323525
Mercat Clot,432185.5746711287,4584325.60634667,41.40761694241932,2.188644372365021
Mercat Poblenou - Unió,433581.77325563296,4583580.411891241,41.40102174848232,2.205429196399153
Club Natació Barcelona,432081.3394979735,4580291.406689088,41.37127323270199,2.187849724478972
Torre Castanyer,427637.32183688646,4584395.388723705,41.4078488716108,2.134224907245418
El passatge de Xile,426105.3054694607,4580973.681774878,41.37689172436965,2.116314819784081
Els Jardins d'Eusebi Güell,425961.0995401115,4582480.263040692,41.39044758234289,2.1144064064040826
Centre Educatiu Impulsem,430682.2409789435,4580904.983415029,41.376680258915165,2.1710512409002245
Ateneu Barcelonès,430742.0172149423,4581792.633763604,41.38468020491708,2.171664567764501
Jardins del Turó del Putxet,428330.3421091046,4584377.223048406,41.40774734930597,2.1425177258809422
Parc de Monterols,428094.2115477828,4583698.474617503,41.40161305479784,2.1397735122452017
Parròquia de Santa Madrona,430147.93623068166,4580634.475945723,41.3741976792283,2.164693483626283
Masia Ca l'Armera,431750.6714894789,4586329.434725152,41.42562795245565,2.183215458926026
Centre Cívic Vil·la Florida,427725.1780428968,4584118.764439972,41.40536533899808,2.135308972460361
Fundació Suñol,426955.9470611732,4581604.59980183,41.38265181042153,2.126410211337908
Cementiri Sant Andreu,431413.3564969582,4587641.013877718,41.437412139312414,2.1790301618213404
Gerència Urbanística Port Vell de l'Autoritat Portuària de Barcelona,431284.1980984574,4581037.432245046,41.37792481602983,2.1782341227997044
Casa Castellet,429713.0807854269,4583861.555367323,41.40322501663376,2.1591194797287576
Farmàcia Clapés Viñas,432266.8102970688,4587233.096023567,41.43381060796746,2.1892905825595
Casa Concepció i Casa Comelles,429302.6217716938,4583868.237216602,41.403249208074975,2.154208667587497
Casa Cortina,428629.3481470541,4584649.034461283,41.41022204823075,2.14606270494447
Casa Enric Cera,429569.0271509501,4584023.93475376,41.40467490062874,2.1573773724992016
Casa Girona i Cuyàs,429580.5591893716,4583304.89476915,41.39819978132556,2.1575989671703684
Casa Joan Matas,429695.2460473937,4583436.95050492,41.39939919545339,2.158955446305032
Fabra i Coats - Fàbrica de Creació,432395.6290474628,4587230.04407906,41.433793974354174,2.1908326284827284
Casa José de Ugarte,429154.2481039761,4584386.957127068,41.407908057431946,2.1523730608821405
Escola Business Engineering School - la Salle,427380.414306379,4584515.7714948105,41.40890993792351,2.1311370586996183
Museu del Perfum - Fundació Planas Giralt,430212.6062032511,4582555.729208647,41.39150740418814,2.1652454674735444
Associació d'Emprenedors del Clot - Eix Clot,431597.09541575,4585310.611427071,41.41643869811126,2.181492927401364
Unió de Botiguers del Cor d'Horta,430002.352,4586864.744,41.43029883469144,2.162232311962768
Cases Blanques,428214.6616704786,4587014.306319857,41.431488091656256,2.140820837872433
Refugi Antiaeri de Can Peguera,430265.6337080351,4587285.588105693,41.43411211194424,2.165334527114244
Can Tusquets,429309.31553899625,4584666.558433211,41.4104399702781,2.154195493067497
Casa Agustí Trulla,429198.4098426401,4583590.087907609,41.40073485164731,2.1529945860625257
Biblioteca Collserola - Josep Miracle,424998.27227854927,4585259.518723818,41.41538974314011,2.102546833751382
Casa Víctor Conill,429559.4884032936,4583261.031192623,41.397802872401726,2.157352034558083
Cases Leandre Vidal,429793.3390604241,4583599.244942326,41.40086949415278,2.160109975770286
Edifici Puiggròs,429721.0237908056,4583466.260224394,41.39966543105189,2.1592603871633957
Centre Cívic Vallvidrera Vázquez Montalbán,424998.14827972045,4585259.666722348,41.41539106451316,2.102545331836101
Escola Superior de Disseny i d'Art Llotja,427790.7844715373,4583811.318452293,41.40260219806344,2.136130474690944
Parc de Can Sabaté,427883.8954769356,4579565.986902864,41.36437449049291,2.137749555318519
Casa Faiol - Casa de la Papallona,428946.84485131415,4580916.982937578,41.37663697598416,2.150298953457356
Jardins del Palau Robert,429740.50298186,4583073.71379627,41.396131607667456,2.159538941393651
Palau de la Música Catalana,431038.40027322125,4582087.684944939,41.38736310291296,2.1751754135417323
Museu Palmero Arte,428154.19040612393,4586317.269099115,41.4252047837623,2.140179989039568
Edifici La Rotonda,427874.0744737985,4584691.238889567,41.41053474585558,2.1370219362887046
EINA - Escola de Disseny i Art,425969.1391583271,4583860.542578356,41.40287986302204,2.114333805752234
Casa dels Ossos,429190.9190573535,4582915.53648594,41.39465875789174,2.1529838685904554
Centre Municipal de Vela,433256.895689084,4582184.368446707,41.38842104043444,2.2016968649217765
Escola Lluís Vives,427083.9490766964,4580405.42153481,41.37186290045591,2.1280851779733574
Parc Carmel,429404.1785077464,4585190.4463453945,41.41516676215983,2.155269268607678
Premsa de Vi de Can Xandri,431942.0103496448,4587726.366152999,41.43822585647148,2.1853478240155115
La plaça de les Glòries Catalanes,432070.6458999196,4583768.760754078,41.40259189980736,2.18733195275548
Casa Lleó Morera,430232.9960096403,4582533.7414273815,41.391311136498935,2.165491865898989
Jardins de les Tres Xemeneies,430795.2089308493,4580659.975829925,41.37448327029571,2.172430025242432
Parc de la Font Florida,428164.66164525656,4580036.186371264,41.368634514222805,2.14105045396157
Zona de Banys,434953.1247181961,4584683.244402898,41.41106682138965,2.221714876463801
Escultura Mistos,429104.7590482898,4586934.176288257,41.43084545648815,2.151482440531504
Parc de la Creueta del Coll,428655.06968450494,4585652.736681833,41.419264262411424,2.1462520569914068
Fira Barcelona,428935.2430560284,4580481.976181729,41.3727179943061,2.150211222762335
La plaça d'Orfila,432408.7428656056,4587501.997432232,41.43624446859994,2.1909591589263973
El Tibidabo,426736.9083136772,4585632.937464841,41.41891333512116,2.1233033539813286
Bar Musical London Bar,430861.8411993425,4581066.376876397,41.37814933333809,2.1731803971737738
Font Màgica - Fonts de Montjuïc *Aturada degut a la situació d'alerta per sequera,429252.11603365705,4580200.161999608,41.37020770355242,2.154032861702001
La Maquinista Terrestre i Marítima,432331.86483027134,4581440.380523354,41.38164285238863,2.1907168710652614
Unió de Cooperatives per a la Fabricació de Pastes per a Sopa,430438.1563061222,4581128.873179454,41.37867570317367,2.1681069096683667
Casa Sarriera,431322.071628649,4581534.827397944,41.382407945809554,2.178630636272102
Bibiblioteca Rector Gabriel Ferraté,425980.2854158732,4582197.376805042,41.38790151896208,2.1146704334958524
Conservatori Municipal de Música de Barcelona,430450.6797890641,4583041.1785217095,41.39590030798757,2.1680371208078077
Teatro de los Sentidos,428342.4220201369,4579548.705169165,41.36425978367883,2.1432333432874637
Cementiri Sant Genís,427857.9792149769,4586628.587002354,41.42798213665874,2.1365982986152545
Cooperativa Obrera Popular Segle XX,432201.127101033,4581442.022481134,41.38164663472414,2.189153267840029
L'Aquàrium de Barcelona - Aspro Parks,431797.2851355705,4580908.295609506,41.37680536906014,2.1843840154597025
Religioses de la Mare de Déu de la Mercè,427910.3762312826,4584177.317908498,41.40590933439461,2.1375174554869414
La Torre Blanca,426324.1910358245,4582367.742217858,41.38946749792318,2.11876260601679
Pilar d'Aigua de Sant Andreu,431927.3476684418,4586853.15665729,41.4303599257898,2.1852706828435733
La Plaça de les Havaneres,431701.1720684331,4585844.271443607,41.42125404672891,2.1826779224213384
'La Masia' del Barça,426548.3410473718,4581496.684766708,41.38164275556459,2.1215489678471395
"""Vivendes"" del Congrés Eucarístic",431610.60884430015,4586353.53046205,41.42583306266904,2.181536675794661
Antiga Biblioteca Infantil del GATCPAC,432014.2707790103,4587079.629468135,41.43240704975568,2.186285451200647
Parc d'Atraccions del Tibidabo,426358.63780085,4585937.12616186,41.42161843553102,2.118740285636823
Centre Cultural La Farinera del Clot,432162.6999545572,4584021.828304472,41.40487897583886,2.18840476699031
Places de Joaquim Folguera i Frederic Soler,428026.79811199,4584122.855464401,41.40542924572357,2.1389166559414927
El Conjunt Residencial de Les Escales Park,426045.0336854849,4582657.082333938,41.39204783587929,2.1153886541782843
El passatge de Tubella,427752.9382891695,4581715.635889473,41.38372383321053,2.135927755117388
Colònia Carné,426167.4038674722,4580965.341869859,41.376822310380064,2.117058367742885
La plaça de Pedralbes,425951.34750582615,4583066.777316636,41.395729151007615,2.114218062249275
Herboristeria del Rei,431019.5796076379,4581348.909150916,41.38070755674348,2.175034436574318
L'Auditori de Barcelona,431885.0337887164,4583346.43383598,41.39877242493477,2.185159128100962
Hotel Melia Barcelona Sky - HB-004358,433186.4009803291,4584168.772075232,41.40628819017893,2.200634797754356
Casa Carreras,425512.1318141464,4582884.669996655,41.39404843334341,2.108987100941613
La plaça del Monestir,425842.59354494326,4583147.022510029,41.39644186075786,2.1129074520593005
Parc de Diagonal Mar,434157.96080684,4584404.36848959,41.40849031137141,2.212231951523546
La Porta Est de la Finca Güell,426617.8422769868,4581930.81854509,41.38555915734198,2.1223275022909265
Centre Cívic Sarrià,426531.9039098267,4582858.46247544,41.39390619967619,2.1211872573336934
Edifici de la Fàbrica Moritz - Espai Gastronòmic i Cultural,430051.7049739298,4581560.654885423,41.38253112132162,2.1634359544972748
Parc del Centre del Poblenou,433113.5806764498,4584225.555507102,41.40679356695045,2.199757373643509
Centre Penitenciari Obert 2  - Presó de Dones de la Trinitat,432468.7858982731,4589420.470760189,41.45352852329394,2.191463299081721
Parc de la Primavera,430239.2994283526,4580219.047020415,41.37046396116055,2.1658337161656225
Casa Vilabella,429411.9956879204,4583969.283253999,41.40416890235721,2.155505247349864
Edifici Modernista Francisco Giner 47,429648.9654881059,4583479.8560768,41.39978158248624,2.1583968710038635
Edifici d'Habitatges Gran de Gràcia 138,429239.7744183132,4583696.773875725,41.40169937350612,2.153476912041365
Ermita de la Mare de Déu de la Salut,429554.0921362488,4584787.413305935,41.41154995474912,2.15710983691872
Fàbrica Artés,429973.003344368,4583457.220364841,41.3996059970396,2.1622755265173805
La plaça de Gal·la Placídia,429191.75095705007,4583353.812210807,41.39860621855363,2.1529425675079312
Reial Acadèmia de Medicina de Catalunya,430513.7755056811,4581444.403115301,41.38152411821448,2.168974973139409
Centre Cívic Casa Orlandai,426828.2269232857,4583349.96874513,41.3983599977031,2.1246720318706647
Pavelló Mies van der Rohe,428896.8134737088,4580274.081203343,41.370842160327136,2.149776113823393
Parròquia de Sant Gregori Taumaturg,427972.380906818,4582879.057584442,41.39422199323784,2.138413658076152
Casal de Barri Pou de la Figuera,431330.3364170868,4582177.700125997,41.38819881761839,2.17865660673348
Centre Cultural Teresa Pàmies,429104.3900796711,4582054.417869556,41.38689535147527,2.152049712385728
Esplai Tr3smon,428212.9533849704,4579055.054962814,41.3598021106686,2.1417439533847342
Plaça de la Mercè,431396.765,4581200.018,41.37939878522798,2.1795617635934748
Hotel W Barcelona - HB-004411 *Edifici Vela,432258.0028452148,4579966.448897408,41.36836130546307,2.1899983126477727
Cereria Subirà,431274.54305880365,4581691.110863043,41.38381148695298,2.1780445376953748
Espai Jove La Fontana,429145.107,4583870.521,41.40325591053633,2.1523241627536023
Jardins dels Drets Humans,427793.14943931415,4579195.172504869,41.36102656268192,2.1367088188150576
Església del Reial Santuari de Sant Josep de la Muntanya,429309.31553899625,4584666.558433211,41.4104399702781,2.154195493067497
Associació Xarxa de Consum Solidari,431500.37,4582136.94,41.387846200809165,2.1806947519007056
Mercat Encants Barcelona - Fira de Bellcaire,431930.0672997694,4583600.390367976,41.401063548775554,2.1856692459565465
Cementiri Les Corts,426561.3118843181,4581665.960117499,41.383168531331165,2.1216835608063085
Cementiri Sarrià,427076.6264465534,4583641.375956496,41.401007141442,2.1276081162893665
Cementiri Poblenou,433218.0609304898,4582870.018749292,41.39459329629176,2.201156811755032
Col·legi de Censors Jurats de Comptes de Catalunya,425825.98485391407,4582477.495038081,41.39041020339857,2.11279079824562
Biblioteca Jaume Fuster,428936.65922686737,4584342.780512195,41.40749096939712,2.149775202551298
Torre Jussana - Centre de Serveis a les Associacions,429089.4952233808,4586806.246531563,41.42969190027591,2.15131477992075
Acàdemia Blancafort - Antiga Editorial Seguí,429857.6554839746,4583366.807222827,41.39878162390739,2.1609062506181
Can Pardal,429467.46217966994,4583823.28268945,41.40285879796171,2.156185776031604
Edifici d'habitatges Gran de Gràcia 74*76,429397.5099236874,4583516.235669557,41.40008719962975,2.1553848011746144
Eix Comercial del Raval,430922.1125977394,4581142.120149389,41.37883670716191,2.173892474795089
Escola d'Aprenents SEAT,428306.18460516894,4578458.051814081,41.35443340782173,2.142929012130741
Mercat Concepció,430536.809959866,4583003.473907231,41.39556815947775,2.169071648271845
Mercat Sant Antoni,429906.97744922026,4581233.086052541,41.37956821941282,2.161743115837759
Mercat Les Corts,427241.3792526469,4581760.084345993,41.38407806063042,2.1298048647400445
Mercat Galvany,428415.25654576975,4583147.844056434,41.39668239144885,2.143678943368952
Espai Bombers Parc de la Prevenció de Barcelona,429300.4944818224,4580586.98623315,41.37369595375426,2.154566177208794
Mooby Bosque Multicines,429092.7418535916,4583664.663158111,41.40139721074222,2.151721868976122
Masia Can Fargas,430186.20662853867,4586563.718122879,41.42760361480803,2.164467317118893
Carrer Gran de Sant Andreu,432318.4307445221,4587489.625534711,41.43612543255933,2.189879647556801
Foment Republicà de Sants. Antic Ateneu Batllori,427921.5718603092,4580733.150515028,41.37489008455714,2.1380612359989244
Gran Teatre del Liceu,430877.86499799887,4581287.9967164975,41.38014677441643,2.1733467293401083
Telefèric de Montjuïc,430004.881745107,4580042.173698919,41.36885056534847,2.1630513619866973
El passeig de Sant Joan,430499.0432128355,4583555.654513255,41.40053820160704,2.168556539279617
La plaça de la Vila de Gràcia,429576.7531756841,4583547.033406543,41.40038030274788,2.1575252768954654
El Congrés i els Indians,431489.9580866891,4586003.955844527,41.42267428633185,2.1801325133211784
El Quadrat d'Or,430308.9372611775,4582583.8589540655,41.39176911227801,2.166394367405672
El 22@,432747.9673344796,4583693.148626897,41.40196782553371,2.1954426698372225
L'Estació de La Sagrera,432094.6362338901,4585914.960833819,41.42192407346947,2.187378057190909
Plaça del Nen de la Rutlla,430772.2271415005,4585583.449797072,41.4188254176045,2.1715923368510053
La Muralla Romana,431236.4804168577,4581749.719283336,41.384336103363474,2.1775827025795835
Casa Granell *Girona,430455.8667065314,4583196.645006214,41.39730099114916,2.1680813060601696
Casa Casas-Carbó,429892.036226323,4583000.016807893,41.395481069803886,2.1613599645166035
Casa Antoni Costa,429625.05082766496,4582967.250072084,41.39516263147227,2.15817039068309
Casa Comas d' Argemir,428613.47228782414,4584712.353840556,41.4107909301786,2.145865303185273
Plaça de la Virreina,429574.6470864193,4584071.415291897,41.40510303249848,2.1574390767796707
Plaça del Nord,429409.9566424043,4584280.754216146,41.40697402455321,2.1554445283158845
Monestir de Sant Pau del Camp,430536.82039683865,4580886.446566127,41.37650076335756,2.16931450249219
Edifici de l'Antic Hospital de la Santa Creu,430583.2568402671,4581395.406607783,41.38108881941955,2.169811468590316
Jardí Botànic de Barcelona,429639.66,4579518.613,41.364103174008655,2.15874551177556
Casa Juncosa,429943.8357951747,4582653.09220315,41.39236095361858,2.1620196660786224
Cases Pascual i Pons,430619.3773221017,4582205.154712962,41.388385084056864,2.1701506816093343
El passatge de Mallofré,426598.9961457546,4583372.262477997,41.39853989512909,2.1219274312322
La plaça de Sant Vicenç,426777.6104424373,4583224.341959574,41.39722392491164,2.1240817850248583
Plaça de Rovira i Trias,429674.9060577895,4584333.02576162,41.40746803755208,2.158608041169958
Plaça de la Revolució,429640.7064975593,4583818.48077237,41.402830728949546,2.158258723259312
Casa Llorenç Camprubí,430679.34371728153,4582311.645686174,41.38934938466776,2.170855670436062
Forn Sarret,430701.5303775367,4582914.211811815,41.39477841624774,2.1710520735754435
Casa Dolors Calm,430113.8041781535,4582485.241875964,41.39086396941241,2.164071911206961
L'Anella Olímpica,429126.5643489076,4579753.438335246,41.36617316365693,2.1525839482341884
La Zona Universitària,426153.0327799455,4582000.700761952,41.38614602205185,2.116760355882887
"El Campus Nord, Ciutat Universitària",425825.1079418042,4582117.469550738,41.387167536117424,2.112824395389949
Centre Cívic Cotxeres de Sants,427824.72279217,4580779.459042303,41.37529848802474,2.136897693555585
Parc Torrent Maduixer,427743.56461634726,4585273.777182398,41.4157696917074,2.1353909998606846
La Casa de l'Aigua,432182.0066917208,4589360.638285403,41.45296545224615,2.188036804130217
Seu de l'Antiga Hidroelèctrica de Catalunya,431685.97287687694,4582588.181192903,41.39192618305821,2.182863588545234
Parc de la Maquinista per les treballadores i els treballadors de la Maquinista,432838.43,4587508.957,41.43634320300456,2.196101084364239
Residència Salesiana Martí Codolar,429051.21062411135,4586668.016870453,41.42844354375264,2.150872845796388
Fundació Privada Foto Colectania,431670.92711896537,4582116.139795696,41.3876733654223,2.1827368854864178
Antiga Foneria de Canons,431183.3521014535,4580927.89229379,41.37692960265057,2.177040671271692
Carrer de la Riereta,430344.9181990679,4581194.736517376,41.37926084805356,2.1669844143365613
Casa -Fàbrica Vermell-Martí,430956.0600530023,4582188.100948286,41.3882604557891,2.174179225423808
El Passeig de les Aigües,426373.6019554427,4585111.009473737,41.41417937369979,2.119019897033429
Plaça Masadas,432331.4988707316,4586230.509805888,41.424786104383934,2.190177003471264
Conjunt de Sant Martí de Provençals,432867.86275051656,4585794.508162157,41.42090417387696,2.196643734220937
Mural de la Memòria de Baró de Viver,433044.1754448983,4588780.527105687,41.4478129864912,2.1984226201584325
Masia Can Rosés,427666.4180214505,4582221.809931586,41.38827496816367,2.1348326553076955
El Vapor  - Fàbrica Bonaplata,430332.4761893038,4581826.086353002,41.38494614000926,2.1667630471377124
Església Antic Institut Mental,430587.93251481664,4587602.414085439,41.43699356015132,2.1691554098488184
El Raval,430610.9116322768,4581100.225494584,41.37843259823847,2.170175969805075
Sant Antoni,429887.71663221344,4581253.618848135,41.37975147357524,2.1615104199875472
La plaça d'Espanya,428811.1372331925,4580622.717781615,41.37397463762443,2.1487108014908456
El Poble-sec,430077.2359220217,4580616.214109384,41.37402706084629,2.163850226343413
Les Corts,427423.3384215913,4582048.319572372,41.38669051526725,2.131946333706955
Centre Cívic Pere Pruna,427389.3773558911,4583882.710670082,41.40320904460328,2.13132023534547
La Plaça dels Indians,431691.6181116015,4586088.713059242,41.42345483645125,2.182535991490844
Carrer de les Monges,432150.9804908257,4586887.66536596,41.430689656123576,2.187943106250125
Mercat Llibertat,429260.3482642449,4583478.786006169,41.399737848805614,2.1537484882528983
Museu Etnològic i de Cultures del Món *Parc Montjuïc,429415.5354705268,4580074.878257027,41.36909366060917,2.156001328720349
Filmoteca de Catalunya,430682.2859338155,4581121.870297954,41.378633698248855,2.171026973674133
Parc de la Font del Racó,427363.5682978527,4585313.581712986,41.41609393601731,2.130839745769486
Hospital Clínic i Provincial,429119.381871757,4582349.613992283,41.38955539831457,2.152194463242196
Casa del Guarda -  Espai d'Interpretació del Pantà de Vallvidrera,424567.0874594975,4585287.165358428,41.415598383773975,2.0973845422401483
Floristeria Flora Miserachs,426532.03273709794,4583643.923813771,41.40098051100123,2.12109349397744
Parròquia de Maria Reina,425719.5108324795,4582732.378527985,41.39269599560134,2.111486130409106
Casa Calvet,430861.5429097712,4582489.617986987,41.39096800710249,2.1730144223801227
Escultura Pi i Margall-La República,430998.5425030324,4587735.106876807,41.438224060995616,2.1740546617840075
Centre de Cultura Popular La Violeta de Gràcia,429467.8942180039,4583620.338668872,41.4010309942708,2.1562145898860363
Jardins de Joan Maragall - Palauet Albéniz,429456.081121897,4579856.827394613,41.3671333000304,2.156511461067073
Palau del Baró de Quadras,429891.7251993957,4583143.7744054645,41.396775817125445,2.161339600186852
"Casal Catòlic de Sant Andreu - Àntic Casino ""El Progrés""",432032.7225293687,4587429.200066114,41.43555707085925,2.186466964815642
Reial Club Nàutic de Barcelona,431684.2152250774,4580957.475106608,41.377238724292056,2.1830264347318584
Museu Picasso,431510.8772779401,4581841.66611687,41.38518764927223,2.180853795205005
Col·legi d'Arquitectes de Catalunya,431025.6464628435,4581767.452067333,41.38447776866129,2.175059343001021
Antiga Fàbrica Can Batlló,427949.71,4579912.956,41.36750541072863,2.1384951543142887
Centre Cívic El Coll - La Bruguera,428960.4827350506,4585576.701487252,41.41860650477411,2.149915320833742
IL3 Institut de Formació Contínua - Universitat de Barcelona,432473.48998268216,4583785.64967003,41.40277794946352,2.192149004479942
Església de Nostra Senyora de Pompeia,429625.034797614,4583111.690663044,41.39646355499734,2.1581534123611474
Escultura Colles Sant Medir,429153.0342188008,4583897.469900205,41.40349932760185,2.152415836295016
Sant Pau Recinte Modernista,431113.7429716268,4584868.611835484,41.41241647123583,2.1757600481895056
Font Hércules,430315.1249607541,4583744.244636025,41.40222084859364,2.1663348303868437
Estació d'Autobusos Barcelona Nord,431644.5592251787,4582854.98858152,41.394325719298415,2.182338154669274
Casa Llopis Bofill,430573.15055846254,4583237.370633049,41.39767792794139,2.169479497833732
Residència Assistida per a Gent Gran Llars Mundet,428748.82438690326,4587482.826868194,41.43575541409688,2.147158169831797
Observatori Fabra,426765.3220412651,4585616.946626859,41.41877190341054,2.1236452624703155
Associació Nou Barris Centre Comerç,431182.2166504769,4588078.829566134,41.44133560174434,2.176213867579158
Reial Club de Polo de Barcelona,425954.3518295732,4581462.981966049,41.381284762938655,2.1144500349192548
Jardins de Portolà,428337.0589712634,4584718.206725037,41.410819046980855,2.14255769920195
Hospital  Sociosanitari Mutuam Güell,429522.0394499282,4584776.089409667,41.411445154741465,2.1567276831754065
Centre Moral i Instructiu de Gràcia,429348.65537356975,4583634.35450728,41.4011467607569,2.1547866320723554
Parròquia de la Verge de Gràcia i Sant Josep,428866.03293379786,4584243.942461152,41.4065945273656,2.1489419133653587
Escola Massana Centre Municipal d'Art i Disseny,430666.21703693335,4581379.641778674,41.380953983657726,2.1708053338176225
Centre de Reunions i Convencions UAB Casa Convalescència,431211.3219929034,4585020.379375686,41.41379174747705,2.176910232352591
Parc Científic de Barcelona,426121.629,4581523.559,41.38184573119936,2.116442974830661
Estació de França,432039.925617344,4581694.310986529,41.38390532899724,2.1871972542686304
Viaducte de Bellesguard,427020.6847935357,4584547.750105569,41.40916537462648,2.126829667587517
Centre Cívic  Vil·la Urània,428933.5563986452,4583671.987053265,41.40144911965885,2.149816841793133
Platja de la Nova Mar Bella,434319.1830894825,4583587.327967793,41.401144617626905,2.2142493854271126
Torre del Fang,432470.90470212896,4585309.272813094,41.41650054695728,2.1919480476112105
Bar Marsella,430698.3507857741,4581082.246688013,41.3782782040133,2.17122360530803
Torre Montjuïc Calatrava,429047.4941503645,4579600.2638144335,41.364786605041445,2.1516565451460616
Associació Sarrià Eix Comercial,426668.735471624,4583356.246649344,41.39840201073239,2.122763546217199
Casal Cívic i Comunitari Barcelona - Magòria,428183.5454323506,4580173.101038462,41.36986934117719,2.14126001076402
Monument a Josep Tarradellas,428352.878,4582023.322,41.386548699111046,2.143065853774402
Jardins Creu de Pedralbes,425728.9477007016,4582913.911759086,41.39433185278547,2.1115767347502405
Pèrgola Fotovoltaica al Parc del Fòrum,435489.19850292034,4584727.177077192,41.41150571915544,2.2281237482570995
Jardins del Teatre Grec,429635.7653045447,4580189.30318572,41.37014353208927,2.158621128519657
Parc de la Barceloneta,432593.3004536,4581483.70569651,41.38205501687279,2.193838416918405
Universitat Politècnica de Catalunya,426137.5928618464,4582311.29472791,41.3889419870853,2.116537839859507
Parc de Recerca Biomèdica de Barcelona,432611.87102096656,4581874.496342583,41.38557632373501,2.194017030461737
Moll de la Fusta,431586.29952371,4581158.0099535,41.37903656788793,2.181832960571753
Jardins Mossèn Cinto Verdaguer,430004.881745107,4580042.173698919,41.36885056534847,2.1630513619866973
Jardins,428228.7794283956,4587507.247520395,41.43592904989888,2.1409312542675263
Escullera del Port de Barcelona,431359.0738290851,4578789.841206984,41.3576877479369,2.179383881515306
Associació Eix Comercial de Sant Andreu,432235.946,4587387.521,41.4351988564254,2.18890388341691
Reials Drassanes de Barcelona,431100.12793211296,4580823.445296411,41.375981756802304,2.1760573876381613
Museu d'Art Contemporani de Barcelona,430421.3493661358,4581628.85329612,41.383177415641065,2.16784852899158
Palau Sant Jordi,429106.33264333307,4579290.307853774,41.3620001141372,2.1523962021929672
Antiga Subcentral Elèctrica de la Barceloneta,432270.3254764273,4581202.744830445,41.37949735138732,2.190007515254681
Camp Municipal de Futbol Narcís Sala,432579.537371788,4586684.613430161,41.42889692238828,2.1930944831499715
Museu Barça Immersive Tour,426439.8201641378,4581214.410498125,41.379090515776426,2.120285513558928
Torre d'Aigües de Carrasco i Formiguera,426679.3992985538,4583675.042542249,41.40127423556232,2.122852491250377
Torre del Doctor Andreu,427764.6295052072,4584838.434431069,41.411850643734354,2.135695010644845
Colònia Castells,428034.570461064,4582137.480833006,41.387548470347184,2.1392455922096265
La plaça de Comas,427240.3982245801,4581933.967648918,41.38564406822385,2.1297722513988706
La plaça de la Reina Maria Cristina,426986.7286176495,4582269.424320892,41.38864240334821,2.126698190734328
La plaça de Ramon M. Roca i Sastre,426320.808159834,4581951.588277809,41.38571907130875,2.118772762148288
Jardins de Vil·la Cecília,426596.6492845677,4582840.415665561,41.39374957203114,2.121963830470535
Centre d'Educació Ambiental La Fàbrica del Sol,432380.406327429,4581594.115032651,41.383031580266,2.1912801963845494
Pilar d'Aigua de la Sagrera,432387.9153836062,4585928.844757233,41.4220738556162,2.190885833187442
La Plaça del Rom Cremat,431727.611791505,4585943.961477296,41.42215416804366,2.182983037488512
La Plaça del Mercadal,432220.1947230834,4587364.266736306,41.43498808409701,2.188717976056457
L'Espai de la Torre Melina i el seu Jardí Romàntic,425464.87357626506,4581517.460326789,41.381730229359285,2.1085900896337453
Avenç Obrer Català de Sant Andreu,432408.7428656056,4587501.997432232,41.43624446859994,2.1909591589263973
Centre Comercial El Centre de la Vila,432939.40871910215,4582465.578640014,41.39092742219698,2.1978686794906324
Memorial en Record de les Víctimes de Trànsit,433686.0313832721,4582866.760873167,41.39460267821261,2.2067544978597606
Castell dels Tres Dragons,431725.5865778782,4582164.3063367335,41.38811182882805,2.1833851582204957
Parròquia de Sant Josep Manyanet,432440.0027235979,4586697.759274233,41.42900359854308,2.1914231867699456
Centre Cívic Sant Andreu,432273.9452932727,4586907.667195705,41.43088018380354,2.1894124386376466
Palau de Mar,431926.0597929916,4581354.891276275,41.3808386412199,2.1858736814996145
Quarter Bruc,425644.8646899449,4582134.90734099,41.38730794999315,2.110666688042147
Mercat Núria,430903.145,4590148.469,41.45995202920537,2.1726367468768304
Edifici de La Model,428543.3726127199,4581679.230412753,41.38346653721597,2.145384599812989
Can Mazantini,431878.4040809118,4587162.572632697,41.43314257686843,2.184650085607281
Casa Fargas,430119.7601307899,4582434.568371613,41.39040808759584,2.164148990973875
Ateneu Popular de Sants,427992.735129976,4580912.141782935,41.37650856330917,2.1388908758746004
Parc de les Cascades,432702.73035929,4581955.39997952,41.38631260802294,2.195094646620497
Centre Cívic Can Felipa,433173.2731653361,4583879.2838958185,41.40367975860696,2.20050971216533
La Plaça Reial,431014.40566401137,4581319.313438722,41.38044055326621,2.1749759344450665
Casa Planells,431006.3952830701,4583557.001604,41.4005940299752,2.174625257658432
Escola la Farigola de Vallcarca,428684.9705220079,4585049.295570593,41.4138319736047,2.146680968580762
Antiga Fàbrica Estrella Damm,431312.5701154573,4584501.630454083,41.40912820969591,2.178180484218155
Facultat de Ciències de la Salut Blanquerna - URL,430806.6030140592,4584579.538591303,41.409786505203634,2.1721184721407334
Parròquia de Santa Maria del Mar - Basílica,431624.0486623534,4581684.55499789,41.38378222100998,2.182224949880879
Jardins del Mirador de l'Alcalde,430516.2526095569,4579824.525955966,41.36693458020852,2.169190267865246
El Portal de l'Àngel,430841.9142166543,4581924.735494911,41.38587859872714,2.172844151594492
Zoo de Barcelona,432041.4105524885,4581943.9265508605,41.386153673583415,2.1871870138081797
Casa Vidal,432280.9031258361,4587404.451356973,41.43535513459526,2.1894400450855303
El Paral·lel,429410.28437882167,4580755.2386135785,41.37522098509261,2.1558593296923467
Sant Pere i Santa Caterina,431323.268487059,4582171.476185293,41.388142157020646,2.178572782653608
Teatre Lliure,429538.3452393957,4580249.751575231,41.37067944906853,2.1574493260272294
Parc de Sant Martí,432984.48964060727,4585681.547286327,41.41989650584673,2.198051769477209
Casa Bartomeu,425370.0861384845,4583137.374500183,41.396311253391424,2.1072570259147585
Edifici La Maternitat,426982.5647344043,4581917.916749961,41.38547614322759,2.1266907591970448
Parc Sanitari Pere Virgili,428150.07268896233,4585179.284190155,41.41495508215848,2.140265906627508
Edifici Talaia Barcelona,428058.7271481534,4582502.77127392,41.39084065982192,2.1394911073808047
Edifici Torre Telefònica - Diagonal Zero Zero,434915.2430623851,4584806.093197808,41.41217022424529,2.2212484484505435
Centre Estudis Ignasi Iglesias,432169.61424558633,4587207.252255889,41.43356963877177,2.188130239920921
Universitat Internacional de Catalunya,426716.4668234499,4584203.063400844,41.406033260654574,2.123231960089889
Palau Reial de Pedralbes,426293.53040473606,4582044.054369566,41.38654937434819,2.1184352989192647
Jardins de Mossèn Costa i Llobera,430781.1961783196,4580119.600102804,41.36961505587559,2.17232416934953
Castell de Torre Baró,431185.24640658265,4589128.729342259,41.45079189503227,2.1761305165721443
Casa - Fàbrica Erasme de Gònima,430324.7813746556,4581292.292561028,41.38013776152317,2.166732403540656
El Túnel de la Rovira,429608.937232129,4586563.926001248,41.42755510844527,2.157559236781552
Can Culleretes,430969.5400818946,4581408.666557461,41.381241482418325,2.1744292455209995
La Diagonal,426903.6504419463,4582192.110057333,41.38793852100829,2.125713944106764
Refugi Antiaeri de La Lira,432171.73024285847,4587118.8381177215,41.43277350201,2.1881654862843227
Refugi Antiaeri 977 (Matanzas / Pinar del Río),431650.5735330167,4585975.768151741,41.42243408970824,2.182057614392575
Capella dels Segadors,432453.1634334015,4587507.614386384,41.43629879622968,2.191490177023649
MUHBA Museu d'Història de Barcelona - Vil·la Joana,424786.0822355553,4585722.895159881,41.41954329767189,2.099950499346553
Platja de la Barceloneta,432454.6037046877,4581102.987841028,41.37861435600187,2.192222242417201
Centre de Cultura Contemporània de Barcelona,430335.5441832022,4581711.515471728,41.38391450226559,2.1668129104163323
Fàbrica de Creació La Escocesa,433459.7302161364,4584719.967754371,41.41127532997013,2.203844026804752
Centre d'Arts Santa Mònica,431064.4822496146,4580965.574901734,41.37725882473504,2.175614994736913
Casa Fàbrica Güell-Ramis,431288.5490185024,4581221.757446749,41.379585352390144,2.178265252336639
Casa Parés,431307.984655456,4582074.324130192,41.3872658323001,2.178401010468016
Restaurant Can Cortada,429222.6697456894,4587686.683981754,41.43763336944126,2.1528053939918426
Centre Comercial L'Illa Diagonal,427715.1435128675,4582384.607353548,41.38974559970474,2.1353959606306443
Els Edificis Trade,427088.8846842993,4581994.464025936,41.38617521617633,2.1279530224471386
Far del Port - Torre del Rellotge,432014.7810429168,4580798.038729617,41.3758307185709,2.186997099293849
Fundació Privada Centre de Producció Artística i Cultural Palo Alto,433989.2602205916,4583967.03720023,41.40453754416711,2.210261414480815
Centre Educatiu Santa Teresa - Ganduxer,427574.4976352441,4583521.20323559,41.39996979813191,2.1335779353787503
Parc del Mirador del Poble-sec,430604.54984327627,4580377.27955072,41.37192068979768,2.1701826605872294
Molí de Sant Andreu - Rec Comtal,432671.664163176,4588256.921131116,41.44306589381739,2.194021800571192
Casa Company,428788.4210041058,4582748.724028794,41.393120800716055,2.1481893230679403
La Plaça del Comerç,432317.3107755452,4587389.34551142,41.43522215078868,2.189877474368489
Associació Sant Martí Eix Comercial,433132.35119715065,4585720.500935891,41.42025966854083,2.1998166979222726
La Vil·la Hèlius (Casa Grané),425392.88193791127,4583042.941426393,41.395462854998215,2.107541318408962
L'Antic Institut Frenopàtic,426951.2180666302,4581791.207979689,41.38433208402624,2.1263311628356334
L'Àrea Olímpica de la Diagonal,425950.5938910416,4581349.705070796,41.380264181554345,2.1144189385595857
Bar musical La Torre Rosa,431521.0417841185,4586007.805813299,41.42271161168508,2.180504022970048
Carrer Cienfuegos,431765.9433759114,4586158.256396471,41.42408750553282,2.183417526927583
Refugi Antiaeri de la Plaça del Diamant,429450.8503146112,4583949.452455502,41.40399370440121,2.1559723559683674
Colmado Murria,430321.9290652298,4582920.370673726,41.39480108686979,2.166511035825546
Fàbrica de Creació Nau Ivanow,432308.80819828017,4585697.013001065,41.4199791609378,2.1899651964541302
Casa Museu Gaudí,429386.6676860165,4585151.26372372,41.41481232125404,2.1550643342300395
Centre Comercial Diagonal Mar,434510.2090325903,4584619.5799381975,41.41045744398306,2.2164227599409685
Oratori de Sant Felip Neri *Gràcia,429424.9616124464,4583728.515604841,41.40200153642768,2.1556884231723643
Jardins de Massana,431360.3282461378,4586490.116080333,41.42704189433846,2.1785261828350926
Associació Sants Establiments Units,427820.6488133747,4580865.266203808,41.37607095558091,2.136838762891396
Port Olímpic de Barcelona,433054.2846735834,4582108.667145342,41.38772238063312,2.199282061005833
La Lleialtat Santsenca,427805.4060367032,4580515.308616876,41.37291765088582,2.13669817907462
Casa Josep Barnoles - La del Mico i el Gos,429828.914465264,4584796.04227893,41.4116517136051,2.160396764857864
La rambla del Prat,429180.8539868416,4583715.404681682,41.4018619863958,2.152769925875062
Masoveria de la Virreina,429637.8304940202,4583969.060303233,41.40418669162275,2.1582068161840007
La plaça del Poble Romaní,429843.20555369137,4583705.897912456,41.40183443187984,2.160694112661664
Hospital Evangèlic,432655.701,4583624.773,41.40134426251321,2.1943465696873985
Cases Antoni Par,429005.94059611263,4584142.599478811,41.40569413888112,2.150627501849931
Cases de menestrals,429823.1917725938,4583588.613052221,41.40077634268316,2.160468302707204
Cases Folguera,429690.0620390318,4583718.075761879,41.40193073549308,2.158860787647023
Edifici Modernista Avinguda República Argentina 28,428740.6471069378,4584455.815368747,41.408491676806655,2.147416989049893
El carrer de Bonavista,429672.9263028781,4583252.161302755,41.39773291366716,2.1587099305698554
El Vapor Nou,429843.20555369137,4583705.897912456,41.40183443187984,2.160694112661664
Bar Mestres,427363.7126914144,4583483.355559533,41.399609906094966,2.1310611460751536
Edifici MediaTIC,432667.114,4583772.964,41.40267993266015,2.1944666095628262
La Plaça de Sant Jaume,431200.3808084614,4581550.8802165305,41.38254213182859,2.1771735683501343
Torre de la Catalana de Gas,432593.42827844416,4581484.222147714,41.38205967912699,2.1938398880660617
Elisava Escola Universitaria de Disseny i Enginyeria de Barcelona,431103.3728435385,4581101.855579399,41.37848959636991,2.176064541270459
Casa Muley-Afid,427168.9784808364,4583957.698891372,41.40386449496666,2.1286747551139507
Casa Vilaró,429079.4897490935,4584771.6493604565,41.41136623661588,2.151433629959552
Residència Assistencial per a Gent Gran Refugi d'Obreres,428806.8234687128,4584434.212593329,41.40830297314985,2.1482112139978766
Hort Urbà Masia Can Soler,427362.0460985986,4586305.61304356,41.42502856858588,2.130702385728167
Associació de Botiguers i Professionals Eix Maragall,431350.32,4585927.869,41.42197707927703,2.1784702505689157
Parròquia de Sant Pacià,432122.27974744944,4586996.574299047,41.43166813631247,2.187587402173429
Casa Comalat,429840.42969062825,4583178.411056954,41.39708330346534,2.1607220347024616
Farmàcia Reixach-de Pablo,432297.5439584983,4587433.514077168,41.435618295520094,2.1896359516105504
Club Tennis Barcino,427987.728,4584441.546,41.40829605865302,2.138411353701733
Oasi MAC,429232.494,4581496.583,41.38188240741375,2.153646899272376
MUHBA Museu d'Història de Barcelona  - Refugi 307,430272.2650936576,4580286.923364511,41.37107815965785,2.166220058300664
Associació Catalana per la Integració i el Desenvolupament Humà,429880.0301929269,4583720.248780129,41.40196689745648,2.161132948779616
La Rambla,431138.1405245261,4581008.800494806,41.37765445203638,2.17649085980406
Masia la Petita Maria,427867.7603578976,4580852.979333807,41.37596451659646,2.1374035500851325
La plaça de Sant Gaietà,426461.961434814,4583566.458554085,41.40027641073024,2.120264726728752
Plaça del Sol,429506.9268251085,4583685.554040947,41.40162178824695,2.1566738998226365
El carrer de Campoamor,429669.306521944,4587158.439221044,41.432914933001776,2.158212492323379
Platja de Llevant,434614.9691326083,4584014.382860029,41.40501510946871,2.217741476714544
Casa Barangé,428498.88833898026,4585003.060982058,41.413399023929664,2.144460106814436
Casa Josep Castelló,429653.1782280292,4584528.33585264,41.40922522099331,2.1583254055522816
Casa Martí Trias i Domènech,429223.3603020286,4585008.1790845245,41.41350924872243,2.1531271963876577
Plaça del Rei,431213.5006480326,4581711.680649884,41.38399153606988,2.177312208308455
Drogueria Rovira (Antiga Drogueria Galvany),428506.1626562968,4583176.640794761,41.39694983975115,2.14476287679332
"Espai Gaudí: Pis, Golfes i Terrat",429950.5046613454,4582984.630970105,41.39534759002928,2.162061079088016
Torre de les Aigües del Besòs,434182.3903248399,4584066.689266023,41.405450920442256,2.212560936198963
Cafeteria Restaurant Cafè de l'Òpera,430915.0846187127,4581372.753896849,41.38091335380008,2.173782143732884
"BAU, Centre Universitari d'Arts i Disseny de Barcelona",432760.2113096316,4583222.112223816,41.39772635565731,2.195641449471245
Centre de Convencions Internacional de Barcelona,434710.50728132,4584450.58002747,41.40895159816792,2.218837323987452
Estació Barcelona-Sants de RENFE,428157.2394584265,4581248.971530161,41.379556967903945,2.1408179856438947
Club Natació Catalunya,429646.9821453171,4585212.0471854005,41.41538260538486,2.1581717784411687
Santuari de Santa Eulàlia de Vilapicina,430895.44767412334,4586903.316959378,41.43072358230434,2.1729158525346945
Sarrià,426631.59783586056,4583340.706792867,41.398258662470965,2.1223212146455017
La Sardineta. Grup d'Ecoconsum de la Barceloneta,432314.8879956148,4581438.954533873,41.38162858085352,2.1905140138060823
L'Hortet del Forat,431422.07854248193,4582093.555965687,41.3874487826944,2.179763332554008
El Pla de Palau,431648.2014475582,4581586.056964056,41.38289712933221,2.1825248996890165
Masia Can Valent,431471.8559717721,4587432.189923876,41.43553633390901,2.17975400193275
Centre Cívic Can Verdaguer,431424.47246389056,4587273.674458581,41.43410459884157,2.1792048887112854
Kasa de la Muntanya (KM),429309.31553899625,4584666.558433211,41.4104399702781,2.154195493067497
Àntiga Fàbrica de Làmpades Z,427889.90549921663,4579189.402581883,41.36098326639913,2.1378661758058857
CaixaForum Barcelona,428882.06960571534,4580327.947674324,41.37132601483051,2.1495935126379413
Biblioteca Clarà,427231.39096885273,4583521.384160167,41.39994044899448,2.1294738021393327
La Plaça de Catalunya,430555.64799505565,4581945.957229142,41.38604507506723,2.169418215449664
Mercat Horta,429589.881,4586748.806,41.42921857676913,2.1573096628601407
Cementiri Montjuïc,428814.9766559628,4578448.90301103,41.35439614126615,2.149011845799688
Associació del Passeig de Gràcia,429887.287,4582730.447,41.39305273394126,2.161334369208631
Hotel d'Entitats de Can Guardiola,432201.2110196924,4586806.124170551,41.4299594840632,2.188553382391543
Centre Cívic Can Basté,430921.7324244287,4586876.849222638,41.4304874584176,2.173233437180801
El passatge d'Antoni Gassol,432770.894872516,4584890.739953149,41.41275610120803,2.195583895314642
Pla de la Seu,431092.972,4581741.959,41.38425392967717,2.1758673829595696
L'Hort del Cànem,433191.493,4583375.029,41.39913958472813,2.200783316686378
Parròquia de Sant Genís dels Agudells,427857.9792149769,4586628.587002354,41.42798213665874,2.1365982986152545
Parc del Clot,432301.0535304967,4584419.492454296,41.40847228003916,2.1900153665666733
Sant Andreu Teatre,432232.6257001933,4586878.530471328,41.43061427405158,2.1889212140974257
Centre Cívic Torre Llobeta,430979.19494772446,4586481.486086898,41.42693150965028,2.173966250593847
Fàbrica de Creació Ateneu Popular 9 Barris,431540.5970060693,4588901.209629745,41.44877310192653,2.1804102466794437
Parc de les Aigües,430255.9022747529,4585005.688323276,41.41357708464317,2.1654810232921857
Parc de la Guineueta,431035.6921238432,4587826.426994833,41.43904973751512,2.1744888744706907
Museu Marítim de Barcelona,431100.2799306433,4580823.404296844,41.37598140054482,2.176059209800324
Monestir de Santa Maria de Valldonzella,427373.01230718265,4584845.266280598,41.41187688269559,2.131008959069784
Palau Montaner,430201.7922140687,4583010.278771864,41.395600440595466,2.1650637423227845
Palau Macaya,430571.5345238368,4583481.324253142,41.39987499692392,2.16943219323842
Palau Robert - Centre d'Informació de Catalunya,429739.9216891276,4583073.787056681,41.396132216710285,2.159531980047189
Fundació Universitaria Agustí Pedro Pons,425960.83714786463,4584274.743537279,41.40660960989669,2.1141838297013127
El Born Centre de Cultura i Memòria,431739.7944947353,4581893.393983228,41.38567300413077,2.183585604443325
Casa Thomas,430248.7137357425,4583118.137729373,41.39657596077136,2.1656125429824926
Can Fabra,432377.934,4587349.746,41.43487059872311,2.190607460580104
Club Natació Sant Andreu,432014.14183308766,4586817.982017477,41.43005047129456,2.186313336459395
Antiga Seu Editorial Gustavo Gili,428728.6217500957,4581970.525609184,41.38610655947061,2.147565662886036
Parròquia de Santa Maria del Pi - Basílica,430917.6065616878,4581531.051352388,41.38233930831356,2.1737942555699594
Parròquia de Santa Maria del Remei,427436.3182906121,4582070.618357566,41.386892522386965,2.132098891535344
Parròquia de Maria Auxiliadora,427088.1884802279,4582967.469532443,41.394938605535096,2.1278275709059584
Club Esportiu Europa,429831.23407454,4584839.53213791,41.41204361291409,2.1604194727546537
Museu d'Arqueologia de Catalunya,429555.7670814762,4580194.73011607,41.37018541324514,2.1576640200328425
Biblioteca Barceloneta -  La Fraternitat,432175.0704083544,4581174.244089535,41.37923262887593,2.188871640262453
Palau de la Virreina,430744.9052360212,4581553.84309462,41.38252973907768,2.171726398818812
Associació de Comerciants i Veïns de Creu Coberta,428348.6816810983,4580854.414422081,41.37602040585622,2.143153879462518
Parròquia de Sant Medir,427890.523282335,4580172.929977741,41.36984160255108,2.1377566200682048
Obelisc del Cinc d'Oros,429738.6826922397,4583116.547639294,41.396517237885504,2.159512198746821
Funicular de Montjuïc-TMB,430619.62763082015,4580696.375438588,41.37479599283319,2.1703264205028834
Espai Subirachs - Poblenou,433122.2886501361,4583932.26336905,41.404152690531006,2.199893955698491
Impremta Baltasar,432274.73525807634,4587044.542862218,41.43211304281075,2.1894065564080645
L'Aqüeducte de Ciutat Meridiana,431105.6349799208,4590101.121859325,41.45954300543077,2.175066517148887
El barri del Bon Pastor,433546.58184232,4587406.460588298,41.43547896450301,2.204587880121658
El Campus de Comunicació,432590.264,4583884.22,41.40367554356738,2.1935349162488165
Masia Torre Rodona - Can Vinyals de la Torre,426753.4129504034,4581970.93318304,41.38593280819907,2.1239439361700736
Ateneu d'Innovació Digital i Democràtica - Canòdrom,431827.9767018669,4586512.868953155,41.42728664518391,2.1841198480555195
Parc de Cervantes,425539.12778479233,4581831.834275153,41.38456852873157,2.1094394046493576
Ca l'Artés,430877.5978500246,4586890.418081414,41.43060587102361,2.172703711654441
Plaça Eivissa,429897.8693664112,4586857.001205464,41.43021998617649,2.1609828368500468
Casa Estapé,431443.7362306932,4582590.57112056,41.391927096739074,2.179966095105018
Cases Rocamora,430564.7678405713,4582264.957118225,41.38891899310887,2.1694907182668186
Casa Malagrida,430294.3224275964,4582466.182099192,41.39070796924331,2.166233113657074
Forn de la Concepció,430675.04362289695,4582972.647236322,41.3953024422244,2.17072858132926
Casa Queraltó,429864.4845501179,4582731.06742596,41.39305633370552,2.161061569869412
Casa Jaume Forn,430325.7640167719,4582974.415147289,41.395288179555614,2.166550686689944
Casa Santurce,430360.7856693103,4583008.856818518,41.39560141763696,2.166965615442641
Casa Granell *Balmes,429888.7983811265,4582408.055582482,41.39014919657067,2.1613897653246257
Casa Vallet i Xiró,430357.4706696143,4583163.04931368,41.39698989040617,2.166908231079334
El carrer de Canet,426725.97290841513,4583388.67034549,41.39869925444347,2.1234442569006
Dipòsit del Rei Martí,427048.6785289907,4584513.799442648,41.40886213744492,2.1271686577385576
Casa de la Marina,432138.4547917066,4581038.764404606,41.37800931137947,2.1884489605390947
La carretera de les Aigües (sector Horta-Guinardó),427426.2415610721,4585908.171930752,41.42145480207412,2.131518261519387
L'Aqüeducte del Parc Central de Nou Barris,430761.06383847794,4587584.210298242,41.4368445525108,2.1712296246319656
Can Fontanet - Centre d'Interpretació dels Tres Tombs de Sant Andreu,432395.6290474628,4587230.04407906,41.433793974354174,2.1908326284827284
Carrer Aiguafreda,429766.4747222695,4586471.028939244,41.42673221154588,2.1594552433114487
Casa Anoll,429872.8212982236,4583551.041428972,41.40044227869542,2.1610663164262904
Cases modernistes del carrer de Sants,427474.1541963108,4580802.039746836,41.37547034603628,2.1327032048740047
El Rec Comtal,432002.7441651357,4590674.822456729,41.46478662529261,2.1857427165784453
Cases Barates del Bon Pastor,433683.0104670722,4587666.647080371,41.43783366096427,2.206192154035402
Rambla de Fabra i Puig,431865.2232713463,4586853.638640091,41.43035899926197,2.184527163310618
MUHBA Museu d'Història de Barcelona - Oliva Artés,433227.9145326554,4584392.557901173,41.4083072163263,2.2011067332390364
Espai de Memòria de les Catorze Roses,425539.12778479233,4581831.834275153,41.38456852873157,2.1094394046493576
Pati Geològic,426398.6264363182,4581801.05176377,41.38437037725497,2.1197216758551365
Conjunt de Torretes al carrer Verdi,429235.75632282457,4584336.61163506,41.40746179464575,2.153354042541838
El Canal de la Infanta,428814.9956557809,4578448.88901117,41.35439601685321,2.149012074553124
Bodega Josefa,428612.3344511706,4583994.292842248,41.40432354338867,2.145936393031032
"El camí de Finestrelles, i el mirador",424862.23729886056,4582127.271242468,41.38716645323706,2.101308027569479
El passeig de Sant Gervasi,427605.6741609184,4584318.10347055,41.40714994709702,2.1338555488054234
El Submarí de la Ronda,427333.51666020486,4584986.853891715,41.41314852899547,2.1305194357974724
Cooperativa La Confiança Andreuenca,431936.3634643491,4587429.948039462,41.43555564633071,2.185313624433327
Cooperativa La Flor de Maig - sucursal núm. 7,432341.99078387744,4586155.845535648,41.42411451151168,2.1903109078509257
Museu d'Autòmats del Tibidabo,426358.11392536334,4585936.107427653,41.42160921227461,2.1187341412289142
La plaça de la Bonanova,427631.8159253854,4584232.522310678,41.40638150826275,2.13417851476007
La plaça del Doctor Andreu,427412.0128224956,4585336.421500739,41.416304021052255,2.1314166234616936
Restaurant Bonanova,427702.9132389673,4584212.881517409,41.40621100936792,2.135031384521928
Avinguda de la Catedral,431043.841,4581774.978,41.384547112224666,2.175276073454244
Avinguda Maria Cristina,429002.791,4580516.242,41.37303257656836,2.1510148596954752
Carrer Martí  i Franqués,426247.273,4581879.573,41.38506372270051,2.1179021240670406
Hotel España - HB-000073,430835.9554091639,4581270.07688283,41.37998177436281,2.1728476146789286
Plaça dels Àngels,430418.042,4581610.51,41.38301191729433,2.1678110837805957
Ronda de Sant Antoni,430008.836,4581189.088,41.37918080972605,2.1629662196711665
Antiga Estació de Rodalies Sant Andreu Comtal de RENFE,432536.29,4587467.374,41.43594335271556,2.192489567666219
Casa Batlló,430189.32442423375,4582581.247954864,41.39173522253645,2.1649640719737016
Teatre Coliseum,430287.147555079,4582187.457817306,41.38819696920227,2.166179379678894
Biblioteca Vapor Vell,427647.0804802961,4580962.220220291,41.37692859666653,2.134751788846474
Pavellons d'Entrada de l'Antiga Finca Güell,426498.38636682206,4582257.506331367,41.38849058797558,2.1208592991305357
Moll de la Fusta *Escenari Besòs,431586.29952371,4581158.0099535,41.37903656788793,2.181832960571753
Moll de la Fusta *Escenari Llobregat,431586.29952371,4581158.0099535,41.37903656788793,2.181832960571753
Refugi antiaeri 292 carrer Piquer del Poble-sec,430450.1,4580558.912,41.37354326748301,2.168315128536678
Passeig Lluis Companys - Arc de Triomf,431502.262,4582408.679,41.39029383512213,2.180686651224211
Hotel Casa Fuster - HB-004219,429616.0488488654,4583284.14397895,41.39801599366713,2.158025884692545
Jardins del Rector Oliveras,430432.66098944057,4582918.910710769,41.39479752399747,2.1678356444626248
Carrer Menéndez Pelayo,426445.849,4581727.031,41.383708022783495,2.120295383395241
Restaurant El Asador de Aranda *Av Tibidabo,427664.9224341933,4585021.720622828,41.41349245462936,2.1344802209567293
OikoCrèdit Catalunya,430950.94901651656,4582607.992850317,41.39204185286289,2.174070233465704
Farmàcia Guinart Gómez de Arteche,432307.3208307455,4587597.048486002,41.43709201717534,2.18973464583348
Centre Educatiu Monlau Sagrera,432365.0505849587,4586031.612751043,41.42299752907012,2.1906007422317457
Palau de Congressos de Catalunya,425558.30162438407,4581714.413425261,41.38351274680861,2.109683125759429
Museu de Cera de Barcelona,431218.6827534059,4580949.874086403,41.377130607091686,2.1774606445543268
Casa Serra,429572.3873285301,4583019.373552639,41.39562747870579,2.157534429798631
Escola Superior de Música de Catalunya,431885.0337887164,4583346.43383598,41.39877242493477,2.185159128100962
Clínica Sant Jordi,432586.28613154736,4587557.429927636,41.43675865439791,2.193077895717268
Escola Superior de Disseny IED Barcelona,429369.52869164,4584108.671446591,41.40542058928409,2.1549809717403154
Pla de l'Os - La Rambla,430880.574,4581427.321,41.38140185945734,2.173363232841329
Farmàcia Franquesa Grau,432308.4998626137,4587381.582585285,41.43515149016144,2.1897728924932363
Fundació Joan Brossa,431637.46,4581844.138,41.385220679624325,2.1823673277242173
Edifici de La Caixa de Barcelona,429554.2124390967,4583334.900470976,41.39846772405435,2.157280332554822
Metro Fontana,429176.983006092,4583802.644830022,41.402647384357394,2.152713414330724
La plaça d'en Joanic,429977.1531724,4584089.964194581,41.405305256052856,2.1622519725038294
Mirador Joan Sales i Vallès,429199.065,4585326.513,41.41637421536977,2.152799267220405
Casa Rubinat,429597.60686866974,4584046.106543488,41.40487709704659,2.157716680356859
Casa Tomàs Valls,429465.18801257154,4584726.086885341,41.41098981404602,2.156053352602201
Edifici Modernista Riera de Sant Miquel 44,429469.7362669575,4583301.357780553,41.3981582119799,2.15627378447512
Parròquia rural de Santa Maria de Vallvidrera,424675.701,4585667.929,41.41903790688767,2.0986366212851304
Parc de Montjuïc,429719.0466974448,4579218.321684804,41.36140547477188,2.1597293853420427
Platja de l'Espigó del Gas,432591.807,4581480.208,41.382023388883376,2.193820946498618
Parc Metropolità Collserola,424757.44847770885,4585883.362589489,41.42098586112135,2.099587929673552
